"";"distance";"route"
"1";720;"Санкт-Петербург Санкт-Петербург Москва Москва"
"2";720;"Москва Москва Санкт-Петербург Санкт-Петербург"
"3";723;"Лешково Московская Всеволожск Ленинградская"
"4";226;"Владимир Владимирская Подольск Московская"
"5";777;"Фрязино Московская Псков Псковская"
"6";2441;"Фрязино Московская Нарьян-Мар Ненецкий"
"7";134;"Ногинск Московская Владимир Владимирская"
"8";719;"Лешково Московская Тихвин Ленинградская"
"9";277;"Нефтеюганск Ханты-Мансийский Автономный округ - Югра Нижневартовск Ханты-Мансийский Автономный округ - Югра"
"10";704;"Фрязино Московская Ям-Ижора Ленинградская"
"11";3042;"Оренбург Оренбургская Красноярск Красноярский"
"12";4037;"Волгоград Волгоградская Красноярск Красноярский"
"13";202;"Балашиха Московская Тула Тульская"
"14";175;"Ногинск Московская Обнинск Калужская"
"15";128;"Ногинск Московская Чехов Московская"
"16";1029;"Петрозаводск Карелия  Игнатьево Московская"
"17";1482;"Сергиев Посад Московская Ставрополь Ставропольский"
"18";1223;"Фрязино Московская Архангельск Архангельская"
"19";1366;"Воскресенск Московская Астрахань Астраханская"
"20";1430;"Сергиев Посад Московская Краснодар Краснодарский"
"21";705;"Воскресенск Московская Белгород Белгородская"
"22";1687;"Ижевск Удмуртская Петрозаводск Карелия"
"23";5186;"Фрязино Московская Иркутск Иркутская"
"24";787;"Всеволожск Ленинградская Кубинка Московская"
"25";912;"Сергиев Посад Московская Саратов Саратовская"
"26";2112;"Тула Тульская Мурманск Мурманская"
"27";5185;"Сергиев Посад Московская Иркутск Иркутская"
"28";3714;"Воскресенск Московская Новокузнецк Кемеровская"
"29";1718;"Сергиев Посад Московская Екатеринбург Свердловская"
"30";204;"Фрязино Московская Тверь Тверская"
"31";1840;"Сергиев Посад Московская Владикавказ Северная Осетия - Алания"
"32";1857;"Фрязино Московская Мурманск Мурманская"
"33";792;"Балашиха Московская Казань Татарстан"
"34";1046;"Сергиев Посад Московская Волгоград Волгоградская"
"35";755;"Фрязино Московская Всеволожск Ленинградская"
"36";592;"Фрязино Московская Великий Новгород Новгородская"
"37";704;"Фрязино Московская  Ям-Ижора Ленинградская"
"38";1593;"Тула Тульская Владикавказ Северная Осетия - Алания"
"39";484;"Лешково Московская Бор Нижегородская"
"40";1376;"Москва Москва Очер Пермский"
"41";399;"Москва Москва Смоленск Смоленская"
"42";2706;"Москва Москва Омск Омская"
"43";1783;"Москва Москва Челябинск Челябинская"
"44";702;"Москва Москва Волхов Ленинградская"
"45";10296;"Москва Москва Магадан Магаданская"
"46";1092;"Москва Москва Альметьевск Татарстан"
"47";1792;"Москва Москва Екатеринбург Свердловская"
"48";816;"Москва Москва Казань Татарстан"
"49";7829;"Москва Москва Благовещенск Амурская"
"50";1929;"Москва Москва Мурманск Мурманская"
"51";1633;"Москва Москва Ухта Коми"
"52";1354;"Москва Москва Краснодар Краснодарский"
"53";9136;"Москва Москва Владивосток Приморский"
"54";969;"Москва Москва Волгоград Волгоградская"
"55";730;"Москва Москва Сясьстрой Ленинградская"
"56";1406;"Москва Москва Ставрополь Ставропольский"
"57";1238;"Москва Москва Архангельск Архангельская"
"58";1401;"Москва Москва Симферополь Крым"
"59";1440;"Москва Москва Евпатория Крым"
"60";182;"Москва Москва Тула Тульская"
"61";955;"Москва Москва Киров Кировская"
"62";704;"Москва Москва Гатчина Ленинградская"
"63";344;"Москва Москва Кострома Костромская"
"64";199;"Москва Москва Рязань Рязанская"
"65";524;"Москва Москва Воронеж Воронежская"
"66";3361;"Москва Москва Новосибирск Новосибирская"
"67";1819;"Санкт-Петербург Санкт-Петербург Ухта Коми"
"68";796;"Санкт-Петербург Санкт-Петербург Сидорово Московская"
"69";2491;"Санкт-Петербург Санкт-Петербург Челябинск Челябинская"
"70";478;"Санкт-Петербург Санкт-Петербург Великие Луки Псковская"
"71";1243;"Санкт-Петербург Санкт-Петербург Воронеж Воронежская"
"72";1170;"Санкт-Петербург Санкт-Петербург Ливны Орловская"
"73";185;"Санкт-Петербург Санкт-Петербург Светогорск Ленинградская"
"74";1126;"Санкт-Петербург Санкт-Петербург Нижний Новгород Нижегородская"
"75";1689;"Санкт-Петербург Санкт-Петербург Волгоград Волгоградская"
"76";768;"Санкт-Петербург Санкт-Петербург Ногинск Московская"
"77";795;"Санкт-Петербург Санкт-Петербург Ярославль Ярославская"
"78";1921;"Санкт-Петербург Санкт-Петербург Ижевск Удмуртская"
"79";1184;"Санкт-Петербург Санкт-Петербург Липецк Липецкая"
"80";680;"Санкт-Петербург Санкт-Петербург Дмитров Московская"
"81";1581;"Санкт-Петербург Санкт-Петербург Ульяновск Ульяновская"
"82";2116;"Санкт-Петербург Санкт-Петербург Симферополь Крым"
"83";1186;"Санкт-Петербург Санкт-Петербург Северодвинск Архангельская"
"84";1379;"Санкт-Петербург Санкт-Петербург Чебоксары Чувашская Республика"
"85";896;"Санкт-Петербург Санкт-Петербург Владимир Владимирская"
"86";773;"Санкт-Петербург Санкт-Петербург Александров Владимирская"
"87";2201;"Санкт-Петербург Санкт-Петербург Севастополь Севастополь"
"88";1103;"Санкт-Петербург Санкт-Петербург Дзержинск Нижегородская"
"89";1499;"Санкт-Петербург Санкт-Петербург Зеленодольск Татарстан"
"90";1861;"Санкт-Петербург Санкт-Петербург Таганрог Ростовская"
"91";950;"Санкт-Петербург Санкт-Петербург Донской Тульская"
"92";2240;"Санкт-Петербург Санкт-Петербург Керчь Крым"
"93";1370;"Санкт-Петербург Санкт-Петербург Саранск Мордовия"
"94";3561;"Санкт-Петербург Санкт-Петербург Нижневартовск Ханты-Мансийский Автономный округ - Югра"
"95";1872;"Санкт-Петербург Санкт-Петербург Пермь Пермский"
"96";3183;"Санкт-Петербург Санкт-Петербург Омск Омская"
"97";1245;"Санкт-Петербург Санкт-Петербург Курск Курская"
"98";1925;"Санкт-Петербург Санкт-Петербург Полазна Пермский"
"99";917;"Санкт-Петербург Санкт-Петербург Рязань Рязанская"
"100";1362;"Санкт-Петербург Санкт-Петербург Пенза Пензенская"
"101";1339;"Санкт-Петербург Санкт-Петербург Мурманск Мурманская"
"102";792;"Санкт-Петербург Санкт-Петербург Минск Беларусь"
"103";2124;"Санкт-Петербург Санкт-Петербург Майкоп Адыгея"
"104";1386;"Санкт-Петербург Санкт-Петербург Киров Кировская"
"105";2060;"Санкт-Петербург Санкт-Петербург Уфа Башкортостан"
"106";1555;"Санкт-Петербург Санкт-Петербург Саратов Саратовская"
"107";1153;"Санкт-Петербург Санкт-Петербург Архангельск Архангельская"
"108";1916;"Санкт-Петербург Санкт-Петербург Октябрьский Башкортостан"
"109";1707;"Санкт-Петербург Санкт-Петербург Тольятти Самарская"
"110";770;"Санкт-Петербург Санкт-Петербург Кубинка Московская"
"111";2125;"Санкт-Петербург Санкт-Петербург Ставрополь Ставропольский"
"112";733;"Санкт-Петербург Санкт-Петербург Сергиев Посад Московская"
"113";722;"Санкт-Петербург Санкт-Петербург Рыбинск Ярославская"
"114";1524;"Санкт-Петербург Санкт-Петербург Казань Татарстан"
"115";832;"Санкт-Петербург Санкт-Петербург Ростов Ярославская"
"116";151;"Санкт-Петербург Санкт-Петербург Приозерск Ленинградская"
"117";2190;"Санкт-Петербург Санкт-Петербург Первоуральск Свердловская"
"118";3346;"Санкт-Петербург Санкт-Петербург Сургут Ханты-Мансийский Автономный округ - Югра"
"119";745;"Санкт-Петербург Санкт-Петербург Томилино Московская"
"120";1573;"Санкт-Петербург Санкт-Петербург Энгельс Саратовская"
"121";2223;"Санкт-Петербург Санкт-Петербург Екатеринбург Свердловская"
"122";759;"Санкт-Петербург Санкт-Петербург Подольск Московская"
"123";1801;"Санкт-Петербург Санкт-Петербург Альметьевск Татарстан"
"124";789;"Санкт-Петербург Санкт-Петербург Чехов Московская"
"125";2177;"Санкт-Петербург Санкт-Петербург Оренбург Оренбургская"
"126";3838;"Санкт-Петербург Санкт-Петербург Новосибирск Новосибирская"
"127";781;"Санкт-Петербург Санкт-Петербург Обнинск Калужская"
"128";1976;"Санкт-Петербург Санкт-Петербург Воткинск Удмуртская"
"129";5121;"Санкт-Петербург Санкт-Петербург Кызыл Тыва"
"130";759;"Санкт-Петербург Санкт-Петербург Жуковский Московская"
"131";1795;"Санкт-Петербург Санкт-Петербург Ростов-на-Дону Ростовская"
"132";1925;"Санкт-Петербург Санкт-Петербург Полазна Пермский"
"133";429;"Санкт-Петербург Санкт-Петербург Петрозаводск Карелия"
"134";702;"Санкт-Петербург Санкт-Петербург Долгопрудный Московская"
"135";772;"Санкт-Петербург Санкт-Петербург Домодедово Московская"
"136";679;"Санкт-Петербург Санкт-Петербург Зеленоград Московская"
"137";734;"Санкт-Петербург Санкт-Петербург Балашиха Московская"
"138";1022;"Петрозаводск Карелия Москва Москва"
"139";1060;"Самара Самарская Москва Москва"
"140";1375;"Очер Пермский Москва Москва"
"141";1627;"Ухта Коми Москва Москва"
"142";4210;"Новокузнецк Кемеровская Санкт-Петербург Санкт-Петербург"
"143";3841;"Новосибирск Новосибирская Санкт-Петербург Санкт-Петербург"
"144";3188;"Омск Омская Санкт-Петербург Санкт-Петербург"
"145";823;"Ростов Ярославская Санкт-Петербург Санкт-Петербург"
"146";289;"Всеволожск Ленинградская Санкт-Петербург Санкт-Петербург"
"147";1358;"Саранск Мордовия Санкт-Петербург Санкт-Петербург"
"148";2063;"Краснодар Краснодарский Санкт-Петербург Санкт-Петербург"
"149";726;"Сергиев Посад Московская Санкт-Петербург Санкт-Петербург"
"150";749;"Смоленск Смоленская Санкт-Петербург Санкт-Петербург"
"151";716;"Одинцово Московская Санкт-Петербург Санкт-Петербург"
"152";406;"Вышний Волочек Тверская Санкт-Петербург Санкт-Петербург"
"153";3323;"Сургут Ханты-Мансийский Автономный округ - Югра Санкт-Петербург Санкт-Петербург"
"154";2051;"Уфа Башкортостан Санкт-Петербург Санкт-Петербург"
"155";656;"Вологда Вологодская Санкт-Петербург Санкт-Петербург"
"156";1095;"Дзержинск Нижегородская Санкт-Петербург Санкт-Петербург"
"157";722;"Балашиха Московская Санкт-Петербург Санкт-Петербург"
"158";529;"Тверь Тверская Санкт-Петербург Санкт-Петербург"
"159";745;"Быково Московская Санкт-Петербург Санкт-Петербург"
"160";735;"Фрязино Московская Санкт-Петербург Санкт-Петербург"
"161";757;"Ногинск Московская Санкт-Петербург Санкт-Петербург"
"162";752;"Подольск Московская Санкт-Петербург Санкт-Петербург"
"163";704;"Лешково Московская Санкт-Петербург Санкт-Петербург"
"164";1746;"Ленинск Волгоградская Санкт-Петербург Санкт-Петербург"
"165";1029;"Москва Москва Петрозаводск Карелия"
"166";781;"Лешково Московская Сосновый Бор Ленинградская"
"167";47;"Санкт-Петербург Санкт-Петербург Кузьмоловский Ленинградская"
"168";682;"Санкт-Петербург Санкт-Петербург Химки Московская"
"169";737;"Санкт-Петербург Санкт-Петербург Лыткарино Московская"
"170";8875;"Санкт-Петербург Санкт-Петербург Хабаровск Хабаровский"
"171";35;"Санкт-Петербург Санкт-Петербург Лахтинский Ленинградская"
"172";287;"Санкт-Петербург Санкт-Петербург Старая Русса Новгородская"
"173";5684;"Санкт-Петербург Санкт-Петербург Иркутск Иркутская"
"174";732;"Санкт-Петербург Санкт-Петербург Щербинка Московская"
"175";5514;"Санкт-Петербург Санкт-Петербург Братск Иркутская"
"176";2173;"Санкт-Петербург Санкт-Петербург Кумертау Башкортостан"
"177";40;"Санкт-Петербург Санкт-Петербург Всеволожск Ленинградская"
"178";8196;"Санкт-Петербург Санкт-Петербург Свободный Амурская"
"179";4674;"Санкт-Петербург Санкт-Петербург Красноярск Красноярский"
"180";58;"Санкт-Петербург Санкт-Петербург Кировск Ленинградская"
"181";1800;"Санкт-Петербург Санкт-Петербург Самара Самарская"
"182";1233;"Санкт-Петербург Санкт-Петербург Первомайск Нижегородская"
"183";2537;"Санкт-Петербург Санкт-Петербург Владикавказ Северная Осетия - Алания"
"184";6152;"Санкт-Петербург Санкт-Петербург Улан-Удэ Бурятия"
"185";9062;"Санкт-Петербург Санкт-Петербург Артем Приморский"
"186";1788;"Санкт-Петербург Санкт-Петербург Новочеркасск Ростовская"
"187";861;"Санкт-Петербург Санкт-Петербург Иваново Ивановская"
"188";1080;"Санкт-Петербург Санкт-Петербург Павлово Нижегородская"
"189";8948;"Санкт-Петербург Санкт-Петербург Уссурийск Приморский"
"190";18;"Санкт-Петербург Санкт-Петербург Малое Карлино Ленинградская"
"191";2051;"Санкт-Петербург Санкт-Петербург Краснодар Краснодарский"
"192";155;"Санкт-Петербург Санкт-Петербург Приморск Ленинградская"
"193";815;"Санкт-Петербург Санкт-Петербург Ступино Московская"
"194";42;"Фрязино Московская Москва Москва"
"195";2482;"Тверь Тверская Воркута Коми"
"196";179;"Тверь Тверская Москва Москва"
"197";815;"Санкт-Петербург Санкт-Петербург Коломна Московская"
"198";625;"Санкт-Петербург Санкт-Петербург Ржев Тверская"
"199";5702;"Химки Московская 671353, РФ, Республика Бурятия,Мухоршибирскийр-н,пос.Саган-Нур, Ул. Трактовая д. 1 Бурятия"
"200";153;"Санкт-Петербург Санкт-Петербург Ивангород Ленинградская"
"201";839;"Санкт-Петербург Санкт-Петербург Калуга Калужская"
"202";701;"Санкт-Петербург Санкт-Петербург 143030, Московская  обл., Одинцовский р-н,1-й км, Рублево -Успенское шоссе здание 6, 5-этаж Московская"
"203";704;"Санкт-Петербург Санкт-Петербург 143079, Моск. Обл., Одинцовский р-н, Старый городок, ул. Почтовая, д. 10 Московская"
"204";3205;"г. ОМСК, пр-кт Космический, 109 к.1 Омская Санкт-Петербург Санкт-Петербург"
"205";1620;"Химки Московская Березники Пермский"
"206";2413;"Москва Москва Воркута Коми"
"207";687;"Дмитров Московская Санкт-Петербург Санкт-Петербург"
"208";1017;"Санкт-Петербург Санкт-Петербург Чкаловск Нижегородская"
"209";1037;"Петрозаводск Карелия Игнатьево Московская"
"210";2311;"Санкт-Петербург Санкт-Петербург Полевской Свердловская"
"211";6774;"Санкт-Петербург Санкт-Петербург Чита Забайкальский"
"212";742;"Санкт-Петербург Санкт-Петербург Быково Московская"
"213";850;"Санкт-Петербург Санкт-Петербург г. Минск Камчатский"
"214";452;"Санкт-Петербург г,  Парголово ул. Заречная заезд  с Выборского шоссе Санкт-Петербург Петрозаводск Карелия"
"215";719;"Железнодорожный Московская Санкт-Петербург Санкт-Петербург"
"216";722;"Санкт-Петербург Санкт-Петербург Железнодорожный Московская"
"217";179;"Москва, Котельники, Дзержинское ш., владение 9 (Схема) Москва Рязань Рязанская"
"218";753;"Московская обл., Домодедовский р-н, с. Ям, ул. Брестская, стр. 3. (произв. территория Наяда) Московская Санкт-Петербург Санкт-Петербург"
"219";862;"Санкт-Петербург Санкт-Петербург Волгореченск Костромская"
"220";1165;"Санкт-Петербург Санкт-Петербург Тамбов Тамбовская"
"221";1020;"Железнодорожный Московская Шахты Ростовская"
"222";2026;"Санкт-Петербург Санкт-Петербург Уральск Казахстан"
"223";95;"Воскресенск Московская Москва Москва"
"224";44;"Санкт-Петербург Санкт-Петербург Бугровская волость, массив Ольгино, уч.27 Ленинградск"
"225";1505;"Санкт-Петербург Санкт-Петербург Кузнецк Пензенская"
"226";333;"Санкт-Петербург Санкт-Петербург Псков Псковская"
"227";8341;"Санкт-Петербург Санкт-Петербург Благовещенск Амурская"
"228";1651;"Санкт-Петербург Санкт-Петербург Октябрьск Самарская"
"229";921;"Санкт-Петербург Санкт-Петербург Тула Тульская"
"230";48;"Москва Москва Старая Купавна Московская"
"231";2215;"Санкт-Петербург Санкт-Петербург Усинск Коми"
"232";843;"Санкт-Петербург Санкт-Петербург Комсомольск Ивановская"
"233";762;"Московская обл., Домодедовский р-н, с. Ям, ул. Брестская, стр. 3. (произв. территория Наяда) Московская Псков Псковская"
"234";68;"Ногинск Московская Москва Москва"
"235";207;"Владимир Владимирская Дзержинск Нижегородская"
"236";1082;"Москва Москва Ростов-на-Дону Ростовская"
"237";710;"Санкт-Петербург Санкт-Петербург Одинцово Московская"
"238";1642;"Октябрьск Самарская Санкт-Петербург Санкт-Петербург"
"239";5863;"Санкт-Петербург Санкт-Петербург Усть-Кут Иркутская"
"240";1380;"Москва Москва Уфа Башкортостан"
"241";1071;"Москва Москва Самара Самарская"
"242";139;"Щербинка Московская Волоколамск Московская"
"243";1015;"Дзержинск Нижегородская Пермь Пермский"
"244";623;"Санкт-Петербург Санкт-Петербург Дубна Московская"
"245";8998;"Санкт-Петербург Санкт-Петербург Арсеньев Приморский"
"246";1593;"Чебоксары Чувашская Республика Ставрополь Ставропольский"
"247";139;"Щелково Московская Ступино Московская"
"248";481;"Козьмодемьянск Марий Эл Кохма Ивановская"
"249";2278;"Чегем Кабардино-Балкарская Чудово Новгородская"
"250";5763;"Майкоп Адыгея Иркутск Иркутская"
"251";434;"Москва Москва Нижний Новгород Нижегородская"
"252";1116;"Санкт-Петербург Санкт-Петербург Н.Новгород Нижегородская"
"253";434;"Москва Москва Н.Новгород Нижегородская"
"254";1451;"Москва Москва Пермь Пермский"
"255";4039;"Москва Москва Красноярск Красноярский"
"256";908;"Москва Москва Саратов Саратовская"
"257";1006;"Москва Москва Тольятти Самарская"
"258";4077;"Санкт-Петербург Санкт-Петербург Барнаул Алтайский"
"259";1204;"Москва Москва Ижевск Удмуртская"
"260";887;"Москва Москва Ульяновск Ульяновская"
"261";9048;"Санкт-Петербург Санкт-Петербург Владивосток Приморский"
"262";285;"Москва Москва Ярославль Ярославская"
"263";5085;"Москва Москва Иркутск Иркутская"
"264";2627;"Санкт-Петербург Санкт-Петербург Тюмень Тюменская"
"265";2151;"Москва Москва Тюмень Тюменская"
"266";2525;"Санкт-Петербург Санкт-Петербург Махачкала Дагестан"
"267";38;"Санкт-Петербург Санкт-Петербург Ольгино Ленинградская"
"268";3765;"Сергиев Посад Московская Новокузнецк Кемеровская"
"269";1609;"Химки Московская Кисловодск Ставропольский"
"270";34;"Химки Московская Москва Москва"
"271";1727;"Санкт-Петербург Санкт-Петербург Новошахтинск Ростовская"
"272";2165;"Санкт-Петербург Санкт-Петербург Обуховская оборона 295 Астраханская"
"273";1457;"Смоленск Смоленская Нижнекамск Татарстан"
"274";1743;"Санкт-Петербург Санкт-Петербург Нижнекамск Татарстан"
"275";732;"Видное Московская Санкт-Петербург Санкт-Петербург"
"276";587;"Екатеринбург Свердловская Кезский район, Удмуртская Республика, Россия
57°54′44″N, 53°41′14″E   или   57.912294, 53.68718 Удмуртская"
"277";197;"Москва Москва Владимир Владимирская"
"278";3557;"Санкт-Петербург Санкт-Петербург Когалым Ханты-Мансийский Автономный округ - Югра"
"279";93;"Ногинск Московская Подольск Московская"
"280";710;"Пушкино Московская Санкт-Петербург Санкт-Петербург"
"281";580;"Ногинск Московская Курск Курская"
"282";1109;"Москва Москва Набережные Татарстан"
"283";693;"Лешково Московская Псков Псковская"
"284";364;"Москва Москва Орел Орловская"
"285";221;"Сургут Ханты-Мансийский Автономный округ - Югра Нижневартовск Ханты-Мансийский Автономный округ - Югра"
"286";430;"Балашиха Московская Смоленск Смоленская"
"287";881;"Санкт-Петербург Санкт-Петербург Ельня Смоленская"
"288";145;"Санкт-Петербург Санкт-Петербург Кириши Ленинградская"
"289";279;"Пыть-Ях Ханты-Мансийский Автономный округ - Югра Когалым Ханты-Мансийский Автономный округ - Югра"
"290";2321;"Санкт-Петербург Санкт-Петербург Арамиль Свердловская"
"291";49;"Санкт-Петербург Санкт-Петербург Шлиссельбург Ленинградская"
"292";1017;"Москва Москва Шахты Ростовская"
"293";4692;"Санкт-Петербург Санкт-Петербург г. Алматы, пр. Рыскулова 2 Казахстан"
"294";5621;"Иркутск Иркутская Кириши Ленинградская"
"295";1083;"Ростов-на-Дону Ростовская Москва Москва"
"296";15;"Новосибирск Новосибирская г. Новосибрск Красный проспект д.53 Новосибирская"
"297";232;"Москва Москва Ростов Ярославская"
"298";804;"Санкт-Петербург Санкт-Петербург МО, серпуховской р-н,сельское поселение Липицы д.5. Московская"
"299";1028;"Москва Москва Новошахтинск Ростовская"
"300";1354;"Краснодар Краснодарский Москва Москва"
"301";903;"Волгоград Волгоградская Мценск Орловская"
"302";132;"Владимир Владимирская Ногинск Московская"
"303";2374;"Санкт-Петербург Санкт-Петербург Прохладный Кабардино-Балкарская"
"304";912;"Владимир Владимирская Всеволожск Ленинградская"
"305";808;"Москва Москва Кингисепп Ленинградская"
"306";1732;"Санкт-Петербург Санкт-Петербург Ленинск Волгоградская"
"307";2096;"Санкт-Петербург Санкт-Петербург Астрахань Астраханская"
"308";48;"Ногинск Московская Люберцы Московская"
"309";8284;"Химки Московская Хабаровск Хабаровский"
"310";947;"Санкт-Петербург Санкт-Петербург Козельск Калужская"
"311";9227;"Санкт-Петербург Санкт-Петербург Амурск Хабаровский"
"312";1225;"Волгоград Волгоградская Торжок Тверская"
"313";661;"Москва Москва Саранск Мордовия"
"314";35;"Мегион Ханты-Мансийский Автономный округ - Югра Нижневартовск Ханты-Мансийский Автономный округ - Югра"
"315";917;"Дзержинск Нижегородская Курск Курская"
"316";4114;"Санкт-Петербург Санкт-Петербург Кемерово Кемеровская"
"317";3766;"Санкт-Петербург Санкт-Петербург Новый Уренгой Ямало-Ненецкий"
"318";1023;"Санкт-Петербург Санкт-Петербург Навашино Нижегородская"
"319";90;"Сергиев Посад Московская Старая Купавна Московская"
"320";2202;"Санкт-Петербург Санкт-Петербург Новороссийск Краснодарский"
"321";443;"Дзержинск Нижегородская Пенза Пензенская"
"322";627;"Санкт-Петербург Санкт-Петербург Белый Тверская"
"323";593;"Москва Москва Великий Новгород Новгородская"
"324";262;"Ногинск Московская Новомосковск Тульская"
"325";2497;"Нижний Новгород Нижегородская Нефтеюганск Ханты-Мансийский Автономный округ - Югра"
"326";2717;"Омск Омская Тула Тульская"
"327";128;"Кингисепп Ленинградская Санкт-Петербург Санкт-Петербург"
"328";3689;"Санкт-Петербург Санкт-Петербург Ноябрьск Ямало-Ненецкий"
"329";1921;"Санкт-Петербург Санкт-Петербург Бузулук Оренбургская"
"330";1578;"Санкт-Петербург Санкт-Петербург Жирновск Волгоградская"
"331";790;"Волжск Марий Эл Москва Москва"
"332";5670;"Иркутск Иркутская Санкт-Петербург Санкт-Петербург"
"333";2268;"Санкт-Петербург Санкт-Петербург Нижний Тагил Свердловская"
"334";499;"Дзержинск Нижегородская Обнинск Калужская"
"335";1153;"Сергиев Посад Московская Ростов-на-Дону Ростовская"
"336";783;"Москва Москва Волжск Марий Эл"
"337";3087;"Санкт-Петербург Санкт-Петербург Ханты-Мансийск Ханты-Мансийский Автономный округ - Югра"
"338";107;"Старая Купавна Московская Чехов Московская"
"339";4757;"Санкт-Петербург Санкт-Петербург Абакан Хакасия"
"340";1977;"Санкт-Петербург Санкт-Петербург Нефтекамск Башкортостан"
"341";762;"Обнинск Калужская Санкт-Петербург Санкт-Петербург"
"342";715;"Санкт-Петербург Санкт-Петербург 1Чеховский р-он Люторецкое Производственная 5
2Москва пересечение 1-я с 5-й магистральной 
3Чеховский р-он Люторецкое Производственная 5 Москва"
"343";669;"Санкт-Петербург Санкт-Петербург Лобня Московская"
"344";67;"Сергиев Посад Московская Москва Москва"
"345";359;"Дзержинск Нижегородская Кострома Костромская"
"346";3317;"Санкт-Петербург Санкт-Петербург Пыть-Ях Ханты-Мансийский Автономный округ - Югра"
"347";712;"Воронеж Воронежская Дзержинск Нижегородская"
"348";257;"Владимир Владимирская Чехов Московская"
"349";1348;"Москва Москва Кез и Очёр Пермский"
"350";3956;"Тарко-Сале Ямало-Ненецкий Санкт-Петербург Санкт-Петербург"
"351";1063;"Санкт-Петербург Санкт-Петербург Орел Орловская"
"352";1809;"Уфа Башкортостан Мегион Ханты-Мансийский Автономный округ - Югра"
"353";545;"Балашиха Московская Курск Курская"
"354";660;"Дзержинск Нижегородская Нижнекамск Татарстан"
"355";595;"Москва Москва 442214, Пензенская область, Каменский район, поселок Росток, п/о Головинщино, поселок Росток Пензенская"
"356";1791;"Санкт-Петербург Санкт-Петербург Набережные Татарстан"
"357";212;"Дзержинск Нижегородская Владимир Владимирская"
"358";898;"Богородск Нижегородская Очер Пермский"
"359";466;"Москва Москва Тамбов Тамбовская"
"360";728;"Санкт-Петербург Санкт-Петербург Люберцы Московская"
"361";8450;"Тверь Тверская Хабаровск Хабаровский"
"362";409;"Красноярск Красноярский Абакан Хакасия"
"363";646;"Ногинск Московская Пенза Пензенская"
"364";667;"Москва Москва Белгород Белгородская"
"365";1187;"Уфа Башкортостан Владимир Владимирская"
"366";289;"Томилино Московская Ярославль Ярославская"
"367";36;"Санкт-Петербург Санкт-Петербург Лен.обл, Ломоносовский район, с.Разбегаево, стр.5 Ленинградская"
"368";320;"Пыть-Ях Ханты-Мансийский Автономный округ - Югра Нижневартовск Ханты-Мансийский Автономный округ - Югра"
"369";376;"Дзержинск Нижегородская Щелково Московская"
"370";312;"Москва Москва Иваново Ивановская"
"371";192;"Дзержинск Нижегородская Меленки Владимирская"
"372";1149;"Москва Москва Таганрог Ростовская"
"373";1327;"Москва Москва Уральск Казахстан"
"374";1126;"Санкт-Петербург Санкт-Петербург Богородск Нижегородская"
"375";43;"Дзержинск Нижегородская Богородск Нижегородская"
"376";714;"Дзержинск Нижегородская Воронеж Воронежская"
"377";1493;"Санкт-Петербург Санкт-Петербург Йошкар-Ола Марий Эл"
"378";3326;"Санкт-Петербург Санкт-Петербург Нефтеюганск Ханты-Мансийский Автономный округ - Югра"
"379";3511;"Москва Москва Кемерово Кемеровская"
"380";420;"Сергиев Посад Московская Нижний Новгород Нижегородская"
"381";48;"Санкт-Петербург Санкт-Петербург Гатчина Ленинградская"
"382";1286;"Москва Москва Сегежа Карелия"
"383";248;"Дзержинск Нижегородская Заволжск Ивановская"
"384";690;"Сокол Вологодская Санкт-Петербург Санкт-Петербург"
"385";1050;"Санкт-Петербург Санкт-Петербург Выкса Нижегородская"
"386";151;"Ногинск Московская Клин Московская"
"387";342;"Ногинск Московская Дзержинск Нижегородская"
"388";1558;"Октябрьск Самарская Кириши Ленинградская"
"389";77;"Ногинск Московская Химки Московская"
"390";2878;"Санкт-Петербург Санкт-Петербург Нягань Ханты-Мансийский Автономный округ - Югра"
"391";291;"Владимир Владимирская Обнинск Калужская"
"392";193;"Ногинск Московская Рязань Рязанская"
"393";759;"Домодедово Московская Санкт-Петербург Санкт-Петербург"
"394";761;"Старая Купавна Московская Санкт-Петербург Санкт-Петербург"
"395";367;"Дзержинск Нижегородская Электроугли Московская"
"396";825;"Сергиев Посад Московская Псков Псковская"
"397";3292;"Сергиев Посад Московская Новосибирск Новосибирская"
"398";776;"Чехов Московская Санкт-Петербург Санкт-Петербург"
"399";30;"Ногинск Московская Электроугли Московская"
"400";1012;"Санкт-Петербург Санкт-Петербург Мценск Орловская"
"401";1403;"Ногинск Московская Адыгейск Адыгея"
"402";47;"Старая Купавна Московская Москва Москва"
"403";1004;"Санкт-Петербург Санкт-Петербург Родники Ивановская"
"404";733;"Лыткарино Московская Санкт-Петербург Санкт-Петербург"
"405";261;"Владимир Владимирская Зарайск Московская"
"406";1579;"Новомосковск Тульская Очер Пермский"
"407";591;"Ногинск Московская Саранск Мордовия"
"408";141;"Старая Купавна Московская Обнинск Калужская"
"409";159;"Ногинск Московская Зарайск Московская"
"410";173;"Новосибирск Новосибирская Юрга Кемеровская"
"411";4022;"Санкт-Петербург Санкт-Петербург Юрга Кемеровская"
"412";430;"Дзержинск Нижегородская Подольск Московская"
"413";907;"Москва Москва Сызрань Самарская"
"414";433;"Нижний Новгород Нижегородская Москва Москва"
"415";1820;"Санкт-Петербург Санкт-Петербург Волгодонск Ростовская"
"416";3837;"Санкт-Петербург Санкт-Петербург Губкинский Ямало-Ненецкий"
"417";385;"Дзержинск Нижегородская Москва Москва"
"418";3507;"Москва Москва Томск Томская"
"419";878;"Владимир Владимирская Санкт-Петербург Санкт-Петербург"
"420";701;"Дзержинск Нижегородская Мценск Орловская"
"421";1161;"607007, Нижегородская обл, Кулебакский р-н, Саваслейка с, Родниковая ул, дом № 1/2 Нижегородская Ростов-на-Дону Ростовская"
"422";443;"Москва Москва Липецк Липецкая"
"423";701;"Лобня Московская Санкт-Петербург Санкт-Петербург"
"424";1421;"Краснодар Краснодарский Сергиев Посад Московская"
"425";1624;"607007, Нижегородская обл, Кулебакский р-н, Саваслейка с, Родниковая ул, дом № 1/2 Нижегородская Калининград Калининградская"
"426";547;"Тверь Тверская Всеволожск Ленинградская"
"427";69;"Москва Москва Ногинск Московская"
"428";882;"Тула Тульская Санкт-Петербург Санкт-Петербург"
"429";151;"Старая Купавна Московская Владимир Владимирская"
"430";1226;"Курск Курская Санкт-Петербург Санкт-Петербург"
"431";2232;"Москва Москва Югорск Ханты-Мансийский Автономный округ - Югра"
"432";448;"Балашиха Московская Липецк Липецкая"
"433";72;"Старая Купавна Московская Подольск Московская"
"434";1001;"Дзержинск Нижегородская Волгоград Волгоградская"
"435";1060;"Ногинск Московская Самара Самарская"
"436";1376;"Москва Москва Армавир Краснодарский"
"437";1503;"Москва Москва Новороссийск Краснодарский"
"438";807;"Санкт-Петербург Санкт-Петербург Серпухов Московская"
"439";1573;"Москва Москва Ессентуки Ставропольский"
"440";2069;"Санкт-Петербург Санкт-Петербург Адыгейск Адыгея"
"441";694;"Мытищи Московская Санкт-Петербург Санкт-Петербург"
"442";432;"Дзержинск Нижегородская Казань Татарстан"
"443";3072;"Рязань Рязанская Мегион Ханты-Мансийский Автономный округ - Югра"
"444";364;"Дзержинск Нижегородская Ярославль Ярославская"
"445";3085;"Кировск Ленинградская Ханты-Мансийск Ханты-Мансийский Автономный округ - Югра"
"446";4107;"Санкт-Петербург Санкт-Петербург Томск Томская"
"447";701;"Рыбинск Ярославская Санкт-Петербург Санкт-Петербург"
"448";4078;"Сергиев Посад Московская Красноярск Красноярский"
"449";541;"Санкт-Петербург Санкт-Петербург Череповец Вологодская"
"450";1576;"Иркутск Иркутская Кемерово Кемеровская"
"451";991;"Ульяновск Ульяновская Тверская обл,, Конаковский район Тверская"
"452";692;"Можайск Московская Санкт-Петербург Санкт-Петербург"
"453";2328;"Санкт-Петербург Санкт-Петербург Сочи Краснодарский"
"454";730;"Санкт-Петербург Санкт-Петербург Смоленск Смоленская"
"455";608;"Санкт-Петербург Санкт-Петербург Тверская обл,, Конаковский район Тверская"
"456";727;"Сокол Вологодская Киреевск Тульская"
"457";1389;"Старая Купавна Московская Адыгейск Адыгея"
"458";710;"Реутов Московская Санкт-Петербург Санкт-Петербург"
"459";268;"Сергиев Посад Московская Тула Тульская"
"460";1353;"Мурманск Мурманская Санкт-Петербург Санкт-Петербург"
"461";626;"Санкт-Петербург Санкт-Петербург Тверская область, Конаковский район, точный на погрузке Тверская"
"462";305;"Ногинск Московская Рыбинск Ярославская"
"463";1483;"Москва Москва Севастополь Севастополь"
"464";647;"Санкт-Петербург Санкт-Петербург Тверская область, Конаковский район, дер. Малые Ручьи. Тверская"
"465";233;"Ногинск Московская Тверь Тверская"
"466";2387;"Пермский край д. Нестюково ул. Придорожная 1 Пермский Адыгейск Адыгея"
"467";1798;"Зеленодольск Татарстан Адыгейск Адыгея"
"468";1061;"Орел Орловская Санкт-Петербург Санкт-Петербург"
"469";345;"607007, Нижегородская обл, Кулебакский р-н, Саваслейка с, Родниковая ул, дом № 1/2 Нижегородская Котельники Московская"
"470";1516;"607007, Нижегородская обл, Кулебакский р-н, Саваслейка с, Родниковая ул, дом № 1/2 Нижегородская Челябинск Челябинская"
"471";2132;"Орлов Кировская Адыгейск Адыгея"
"472";2547;"Екатеринбург Свердловская Адыгейск Адыгея"
"473";2419;"Челябинск Челябинская Адыгейск Адыгея"
"474";1638;"607007, Нижегородская обл, Кулебакский р-н, Саваслейка с, Родниковая ул, дом № 1/2 Нижегородская Екатеринбург Свердловская"
"475";681;"Химки Московская Санкт-Петербург Санкт-Петербург"
"476";58;"Сергиев Посад Московская Мытищи Московская"
"477";925;"607007, Нижегородская обл, Кулебакский р-н, Саваслейка с, Родниковая ул, дом № 1/2 Нижегородская Октябрьский Башкортостан"
"478";3889;"Новосибирск Новосибирская Адыгейск Адыгея"
"479";1140;"Энгельс Саратовская Адыгейск Адыгея"
"480";997;"Ногинск Московская Нижнекамск Татарстан"
"481";5164;"Пушкино Московская Иркутск Иркутская"
"482";915;"Никольское Ленинградская Киреевск Тульская"
"483";1114;"Нижний Новгород Нижегородская Санкт-Петербург Санкт-Петербург"
"484";5259;"Тверь Тверская Иркутск Иркутская"
"485";166;"Старая Купавна Московская Зарайск Московская"
"486";630;"Санкт-Петербург Санкт-Петербург Солнечногорск Московская"
"487";959;"Санкт-Петербург Санкт-Петербург Ковров Владимирская"
"488";986;"Чехов Московская Ленинск Волгоградская"
"489";821;"Ленинск Волгоградская Адыгейск Адыгея"
"490";415;"Липецк Липецкая Чехов Московская"
"491";3414;"Чехов Московская Новосибирск Новосибирская"
"492";51;"Москва Москва Жуковский Московская"
"493";854;"Воронеж Воронежская Адыгейск Адыгея"
"494";4326;"Санкт-Петербург Санкт-Петербург Новокузнецк Кемеровская"
"495";89;"Сергиев Посад Московская Котельники Московская"
"496";469;"Сергиев Посад Московская Брянск Брянская"
"497";6826;"Владивосток Приморский Урай Ханты-Мансийский Автономный округ - Югра"
"498";47;"Москва Москва Домодедово Московская"
"499";160;"Санкт-Петербург Санкт-Петербург Выборг Ленинградская"
"500";2853;"Дзержинск Нижегородская Новосибирск Новосибирская"
"501";1190;"Сергиев Посад Московская Ижевск Удмуртская"
"502";263;"Сергиев Посад Московская Рязань Рязанская"
"503";374;"607007, Нижегородская обл, Кулебакский р-н, Саваслейка с, Родниковая ул, дом № 1/2 Нижегородская Домодедово Московская"
"504";1036;"607007, Нижегородская обл, Кулебакский р-н, Саваслейка с, Родниковая ул, дом № 1/2 Нижегородская Санкт-Петербург Санкт-Петербург"
"505";1371;"Старая Купавна Московская Краснодар Краснодарский"
"506";959;"Санкт-Петербург Санкт-Петербург Калининград Калининградская"
"507";2108;"Санкт-Петербург Санкт-Петербург Михайловск Ставропольский"
"508";2377;"Санкт-Петербург Санкт-Петербург Магнитогорск Челябинская"
"509";436;"Тамбов Тамбовская Чехов Московская"
"510";69;"Мытищи Московская Дмитров Московская"
"511";24;"Павловский Посад Московская Ногинск Московская"
"512";1288;"Москва Москва Калининград Калининградская"
"513";1474;"Санкт-Петербург Санкт-Петербург Волжск Марий Эл"
"514";3107;"Дзержинск Нижегородская Томск Томская"
"515";2166;"Санкт-Петербург Санкт-Петербург Стерлитамак Башкортостан"
"516";258;"Фрязино Московская Ярославль Ярославская"
"517";559;"Старая Купавна Московская Курск Курская"
"518";340;"Дзержинск Нижегородская Ногинск Московская"
"519";1568;"Ярославль Ярославская Кропоткин Краснодарский"
"520";3667;"Чехов Московская Томск Томская"
"521";3638;"Чехов Московская Барнаул Алтайский"
"522";248;"Ногинск Московская Иваново Ивановская"
"523";2054;"Санкт-Петербург Санкт-Петербург Нариманов Астраханская"
"524";946;"Энгельс Саратовская Ставрополь Ставропольский"
"525";350;"607007, Нижегородская обл, Кулебакский р-н, Саваслейка с, Родниковая ул, дом № 1/2 Нижегородская Москва Москва"
"526";390;"Москва Москва Брянск Брянская"
"527";333;"607007, Нижегородская обл, Кулебакский р-н, Саваслейка с, Родниковая ул, дом № 1/2 Нижегородская Реутов Московская"
"528";2440;"Санкт-Петербург Санкт-Петербург Орск Оренбургская"
"529";5727;"Владивосток Приморский Омск Омская"
"530";1164;"Грязи Липецкая Санкт-Петербург Санкт-Петербург"
"531";214;"Тула Тульская Мытищи Московская"
"532";767;"Видное Московская Всеволожск Ленинградская"
"533";484;"Москва Москва Вологда Вологодская"
"534";1154;"Москва Москва Советск Калининградская"
"535";1544;"Дзержинск Нижегородская Краснодар Краснодарский"
"536";3172;"Иваново Ивановская Тарко-Сале Ямало-Ненецкий"
"537";400;"Дзержинск Нижегородская Рошаль Московская"
"538";458;"Фрязино Московская Вологда Вологодская"
"539";1009;"Светлогорск Калининградская Санкт-Петербург Санкт-Петербург"
"540";985;"Санкт-Петербург Санкт-Петербург Светлый Калининградская"
"541";69;"Москва Москва Сергиев Посад Московская"
"542";1015;"Старая Купавна Московская Нижнекамск Татарстан"
"543";1364;"Дзержинск Нижегородская Пролетарск Ростовская"
"544";19;"Санкт-Петербург Санкт-Петербург Ям-Ижора Ленинградская"
"545";465;"Октябрьск Самарская Нижнекамск Татарстан"
"546";3939;"Санкт-Петербург Санкт-Петербург Тарко-Сале Ямало-Ненецкий"
"547";1385;"Ногинск Московская Краснодар Краснодарский"
"548";1533;"607007, Нижегородская обл, Кулебакский р-н, Саваслейка с, Родниковая ул, дом № 1/2 Нижегородская Копейск Челябинская"
"549";1390;"Химки Московская Адыгейск Адыгея"
"550";149;"Подольск Московская Тула Тульская"
"551";1192;"Тула Тульская Адыгейск Адыгея"
"552";479;"Солнечногорск Московская Дзержинск Нижегородская"
"553";1522;"Санкт-Петербург Санкт-Петербург Сыктывкар Коми"
"554";628;"Солнечногорск Московская Санкт-Петербург Санкт-Петербург"
"555";1715;"Санкт-Петербург Санкт-Петербург Шахты Ростовская"
"556";1294;"Санкт-Петербург Санкт-Петербург Ядрин Чувашская Республика"
"557";2175;"Набережные Татарстан Новосибирск Новосибирская"
"558";2315;"Тула Тульская Тюмень Тюменская"
"559";3674;"Домодедово Московская Кемерово Кемеровская"
"560";118;"Сергиев Посад Московская Домодедово Московская"
"561";1710;"Ногинск Московская Лесной Свердловская"
"562";3596;"Москва Москва Анжеро-Судженск Кемеровская"
"563";1959;"Дзержинск Нижегородская Тобольск Тюменская"
"564";2380;"Пермь Пермский Адыгейск Адыгея"
"565";677;"Дзержинск Нижегородская Елабуга Татарстан"
"566";1994;"Домодедово Московская Мурманск Мурманская"
"567";862;"Иваново Ивановская Санкт-Петербург Санкт-Петербург"
"568";848;"Советск Калининградская Санкт-Петербург Санкт-Петербург"
"569";1615;"Иваново Ивановская Адыгейск Адыгея"
"570";1959;"Великий Новгород Новгородская Адыгейск Адыгея"
"571";534;"Дзержинск Нижегородская Тамбов Тамбовская"
"572";201;"Чехов Московская Рязань Рязанская"
"573";360;"Дзержинск Нижегородская Старая Купавна Московская"
"574";2310;"Кировск Ленинградская Полевской Свердловская"
"575";714;"Санкт-Петербург Санкт-Петербург Реутов Московская"
"576";515;"Санкт-Петербург Санкт-Петербург Тверь Тверская"
"577";349;"607007, Нижегородская обл, Кулебакский р-н, Саваслейка с, Родниковая ул, дом № 1/2 Нижегородская Мытищи Московская"
"578";303;"Дзержинск Нижегородская Саранск Мордовия"
"579";723;"Дзержинск Нижегородская Самара Самарская"
"580";896;"Рязань Рязанская Санкт-Петербург Санкт-Петербург"
"581";1757;"Щелково Московская Челябинск Челябинская"
"582";465;"Дзержинск Нижегородская Чехов Московская"
"583";266;"Старая Купавна Московская Иваново Ивановская"
"584";136;"Старая Купавна Московская Рошаль Московская"
"585";2063;"Москва Москва Курган Курганская"
"586";752;"Санкт-Петербург Санкт-Петербург Электросталь Московская"
"587";716;"Санкт-Петербург Санкт-Петербург Щелково Московская"
"588";1064;"Старая Купавна Московская Самара Самарская"
"589";1053;"Москва Москва Нижнекамск Татарстан"
"590";360;"Старая Купавна Московская Дзержинск Нижегородская"
"591";43;"Артем Приморский Владивосток Приморский"
"592";787;"Старая Купавна Московская Казань Татарстан"
"593";1795;"Щелково Московская Екатеринбург Свердловская"
"594";1366;"Санкт-Петербург Санкт-Петербург Белгород Белгородская"
"595";804;"Щелково Московская Казань Татарстан"
"596";1175;"Щелково Московская Ижевск Удмуртская"
"597";791;"Орехово-Зуево Московская Санкт-Петербург Санкт-Петербург"
"598";3886;"Домодедово Московская Новокузнецк Кемеровская"
"599";21;"Москва Москва Королев Московская"
"600";2326;"Сочи Краснодарский Санкт-Петербург Санкт-Петербург"
"601";498;"Никольское Ленинградская Тверь Тверская"
"602";2435;"Санкт-Петербург Санкт-Петербург Новотроицк Оренбургская"
"603";772;"Санкт-Петербург Санкт-Петербург Жуков Калужская"
"604";1230;"Красноярск Красноярский Усть-Кут Иркутская"
"605";534;"Москва Москва Курск Курская"
"606";725;"Томилино Московская Санкт-Петербург Санкт-Петербург"
"607";378;"Новосибирск Новосибирская Новокузнецк Кемеровская"
"608";1366;"Сергиев Посад Московская Уфа Башкортостан"
"609";8894;"Артем Приморский Санкт-Петербург Санкт-Петербург"
"610";3413;"Домодедово Московская Новосибирск Новосибирская"
"611";422;"Н.Новгород Нижегородская Рязань Рязанская"
"612";2024;"Уральск Казахстан Санкт-Петербург Санкт-Петербург"
"613";3718;"Москва Москва Новокузнецк Кемеровская"
"614";1174;"Тула Тульская Краснодар Краснодарский"
"615";3271;"Москва Москва Новый Уренгой Ямало-Ненецкий"
"616";926;"Старая Купавна Московская Саратов Саратовская"
"617";25;"Санкт-Петербург Санкт-Петербург Коммунар Ленинградская"
"618";873;"Санкт-Петербург Санкт-Петербург Кострома Костромская"
"619";3566;"Санкт-Петербург Санкт-Петербург Куйбышев Новосибирская"
"620";689;"Санкт-Петербург Санкт-Петербург Вологда Вологодская"
"621";1141;"Липецк Липецкая Санкт-Петербург Санкт-Петербург"
"622";49;"Домодедово Московская Железнодорожный Московская"
"623";4299;"Тула Тульская Зеленогорск Красноярский"
"624";27;"Москва Москва Балашиха Московская"
"625";655;"Москва Москва Пенза Пензенская"
"626";4196;"Сергиев Посад Московская Абакан Хакасия"
"627";1771;"Щелково Московская Первоуральск Свердловская"
"628";8268;"Москва Москва Хабаровск Хабаровский"
"629";1013;"Щелково Московская Тольятти Самарская"
"630";398;"Дзержинск Нижегородская Дзержинский Московская"
"631";1538;"Петровск Саратовская Санкт-Петербург Санкт-Петербург"
"632";1897;"Тула Тульская Челябинск Челябинская"
"633";82;"Санкт-Петербург Санкт-Петербург Тосно Ленинградская"
"634";601;"607007, Нижегородская обл, Кулебакский р-н, Саваслейка с, Родниковая ул, дом № 1/2 Нижегородская Воронеж Воронежская"
"635";2379;"Санкт-Петербург Санкт-Петербург Асбест Свердловская"
"636";1210;"Москва Москва Бугуруслан Оренбургская"
"637";1638;"607007, Нижегородская обл, Кулебакский р-н, Саваслейка с, Родниковая ул, дом № 1/2 Нижегородская Первоуральск Свердловская"
"638";2888;"Москва Москва Сургут Ханты-Мансийский Автономный округ - Югра"
"639";1131;"607007, Нижегородская обл, Кулебакский р-н, Саваслейка с, Родниковая ул, дом № 1/2 Нижегородская Новочеркасск Ростовская"
"640";1294;"Краснодар Краснодарский Чехов Московская"
"641";726;"Санкт-Петербург Санкт-Петербург Котельники Московская"
"642";1299;"Фрязино Московская Сыктывкар Коми"
"643";941;"Щелково Московская Киров Кировская"
"644";1083;"Москва Москва Кинель Самарская"
"645";2342;"607007, Нижегородская обл, Кулебакский р-н, Саваслейка с, Родниковая ул, дом № 1/2 Нижегородская Омск Омская"
"646";1476;"607007, Нижегородская обл, Кулебакский р-н, Саваслейка с, Родниковая ул, дом № 1/2 Нижегородская Нижний Тагил Свердловская"
"647";848;"Щелково Московская Ульяновск Ульяновская"
"648";1096;"Щелково Московская Кинель Самарская"
"649";4907;"Москва Москва Братск Иркутская"
"650";1126;"Санкт-Петербург Санкт-Петербург Бор Нижегородская"
"651";1351;"Щелково Московская Уфа Башкортостан"
"652";2982;"Советск Калининградская Екатеринбург Свердловская"
"653";187;"Москва Москва Тверь Тверская"
"654";663;"Москва Москва Кириши Ленинградская"
"655";1344;"Тюмень Тюменская Тарко-Сале Ямало-Ненецкий"
"656";907;"Хабаровск Хабаровский Южно-Сахалинск Сахалинская"
"657";879;"Москва Москва Орлов Кировская"
"658";130;"Санкт-Петербург Санкт-Петербург Кингисепп Ленинградская"
"659";2269;"Санкт-Петербург Санкт-Петербург Южно-Сухокумск Дагестан"
"660";2359;"Санкт-Петербург Санкт-Петербург Новоуральск Свердловская"
"661";1431;"607007, Нижегородская обл, Кулебакский р-н, Саваслейка с, Родниковая ул, дом № 1/2 Нижегородская Краснодар Краснодарский"
"662";1078;"Щелково Московская Самара Самарская"
"663";400;"Сергиев Посад Московская Вологда Вологодская"
"664";876;"Алексин Тульская Санкт-Петербург Санкт-Петербург"
"665";1448;"Щелково Московская Аша Челябинская"
"666";1080;"Щелково Московская Набережные Татарстан"
"667";1075;"Москва Москва Мирный Архангельская"
"668";3085;"Тула Тульская Сургут Ханты-Мансийский Автономный округ - Югра"
"669";265;"Петрозаводск Карелия Сегежа Карелия"
"670";1478;"Щелково Московская Оренбург Оренбургская"
"671";1009;"Ижевск Удмуртская Курган Курганская"
"672";1320;"Щелково Московская Калининград Калининградская"
"673";3225;"Щелково Московская Новосибирск Новосибирская"
"674";2485;"Санкт-Петербург Санкт-Петербург Грозный Чеченская"
"675";999;"Щелково Московская Волгоград Волгоградская"
"676";1343;"Ярославль Ярославская Ростов-на-Дону Ростовская"
"677";930;"Щелково Московская Саратов Саратовская"
"678";696;"Гагарин Смоленская Санкт-Петербург Санкт-Петербург"
"679";1928;"Санкт-Петербург Санкт-Петербург Чайковский Пермский"
"680";733;"Санкт-Петербург Санкт-Петербург Видное Московская"
"681";1150;"Санкт-Петербург Санкт-Петербург Кстово Нижегородская"
"682";1219;"Лукоянов Нижегородская Санкт-Петербург Санкт-Петербург"
"683";2442;"Санкт-Петербург Санкт-Петербург Хасавюрт Дагестан"
"684";2822;"Сергиев Посад Московская Сургут Ханты-Мансийский Автономный округ - Югра"
"685";725;"Дзержинский Московская Санкт-Петербург Санкт-Петербург"
"686";2664;"Санкт-Петербург Санкт-Петербург Курган Курганская"
"687";1304;"Щелково Московская Бирск Башкортостан"
"688";297;"Барнаул Алтайский Рубцовск Алтайский"
"689";3306;"Видное Московская Новый Уренгой Ямало-Ненецкий"
"690";1512;"Москва Москва Салават Башкортостан"
"691";1110;"Сергиев Посад Московская Самара Самарская"
"692";73;"Новокузнецк Кемеровская Междуреченск Кемеровская"
"693";8229;"Москва Москва Якутск Саха /Якутия/"
"694";35;"Москва Москва Мытищи Московская"
"695";1312;"Москва Москва Нефтекамск Башкортостан"
"696";2343;"Санкт-Петербург Санкт-Петербург Серов Свердловская"
"697";435;"Москва Москва Чкаловск Нижегородская"
"698";1357;"Пермь Пермский Александров Владимирская"
"699";797;"Рязань Рязанская Тольятти Самарская"
"700";454;"Обнинск Калужская Курск Курская"
"701";554;"Чита Забайкальский Краснокаменск Забайкальский"
"702";506;"Москва Москва Первомайск Нижегородская"
"703";1241;"Сергиев Посад Московская Сыктывкар Коми"
"704";1420;"Щелково Московская Астрахань Астраханская"
"705";295;"Орел Орловская Обнинск Калужская"
"706";940;"Щелково Московская Димитровград Ульяновская"
"707";2479;"Сургут Ханты-Мансийский Автономный округ - Югра Энгельс Саратовская"
"708";421;"Вышний Волочек Тверская Новая Ладога Ленинградская"
"709";1052;"Москва Москва Новочеркасск Ростовская"
"710";526;"Дзержинский Московская Курск Курская"
"711";1107;"Санкт-Петербург Санкт-Петербург Мичуринск Тамбовская"
"712";303;"Москва Москва Рыбинск Ярославская"
"713";360;"Москва Москва Выкса Нижегородская"
"714";1331;"Екатеринбург Свердловская Нижневартовск Ханты-Мансийский Автономный округ - Югра"
"715";1059;"Екатеринбург Свердловская Нефтеюганск Ханты-Мансийский Автономный округ - Югра"
"716";1039;"Санкт-Петербург Санкт-Петербург Брянск Брянская"
"717";2029;"Санкт-Петербург Санкт-Петербург Кунгур Пермский"
"718";99;"Владивосток Приморский Уссурийск Приморский"
"719";314;"Химки Московская Рыбинск Ярославская"
"720";3470;"Москва Москва Барнаул Алтайский"
"721";516;"Н.Новгород Нижегородская Тамбов Тамбовская"
"722";489;"Щелково Московская Тамбов Тамбовская"
"723";545;"Щелково Московская Воронеж Воронежская"
"724";1515;"Москва Москва Туапсе Краснодарский"
"725";1423;"Щелково Московская Пермь Пермский"
"726";2201;"Санкт-Петербург Санкт-Петербург Туапсе Краснодарский"
"727";1150;"Санкт-Петербург Санкт-Петербург Саров Нижегородская"
"728";452;"Москва, Котельники, Дзержинское ш., владение 9 (Схема) Москва Тамбов Тамбовская"
"729";1265;"Нижний Новгород Нижегородская Ростов-на-Дону Ростовская"
"730";2067;"Сергиев Посад Московская Тюмень Тюменская"
"731";984;"Н.Новгород Нижегородская Белгород Белгородская"
"732";1342;"Санкт-Петербург Санкт-Петербург Старый Оскол Белгородская"
"733";1325;"Москва Москва Сыктывкар Коми"
"734";470;"Москва Москва Великие Луки Псковская"
"735";599;"Н.Новгород Нижегородская Липецк Липецкая"
"736";731;"Н.Новгород Нижегородская Воронеж Воронежская"
"737";853;"Н.Новгород Нижегородская Старый Оскол Белгородская"
"738";803;"Н.Новгород Нижегородская Брянск Брянская"
"739";601;"Н.Новгород Нижегородская Тула Тульская"
"740";442;"Н.Новгород Нижегородская Ульяновск Ульяновская"
"741";1201;"Н.Новгород Нижегородская Кунгур Пермский"
"742";365;"Н.Новгород Нижегородская Александров Владимирская"
"743";1275;"Н.Новгород Нижегородская Березники Пермский"
"744";448;"Тамбов Тамбовская Курск Курская"
"745";1616;"Фрязино Московская Ухта Коми"
"746";1387;"Рыбинск Ярославская Ростов-на-Дону Ростовская"
"747";683;"Н.Новгород Нижегородская Самара Самарская"
"748";3074;"Н.Новгород Нижегородская Кемерово Кемеровская"
"749";190;"Москва Москва Гагарин Смоленская"
"750";641;"Н.Новгород Нижегородская Энгельс Саратовская"
"751";135;"Москва Москва Александров Владимирская"
"752";1627;"Москва Москва Березники Пермский"
"753";1553;"Москва Москва Кунгур Пермский"
"754";763;"Н.Новгород Нижегородская Ижевск Удмуртская"
"755";604;"Н.Новгород Нижегородская Гагарин Смоленская"
"756";5794;"Санкт-Петербург Санкт-Петербург Усть-Илимск Иркутская"
"757";1658;"Н.Новгород Нижегородская Черкесск Карачаево-Черкесская"
"758";426;"Н.Новгород Нижегородская Дзержинский Московская"
"759";1143;"Москва Москва Бугульма Татарстан"
"760";19;"Москва Москва Дзержинский Московская"
"761";325;"Коломна Московская Ростов Ярославская"
"762";844;"Коломна Московская Санкт-Петербург Санкт-Петербург"
"763";178;"Санкт-Петербург Санкт-Петербург Великий Новгород Новгородская"
"764";2611;"Москва Москва Ханты-Мансийск Ханты-Мансийский Автономный округ - Югра"
"765";1502;"Москва Москва Черкесск Карачаево-Черкесская"
"766";1127;"Москва Москва Чапаевск Самарская"
"767";1160;"Сергиев Посад Московская Архангельск Архангельская"
"768";776;"Москва Москва Кузнецк Пензенская"
"769";4199;"Санкт-Петербург Санкт-Петербург Бийск Алтайский"
"770";1261;"Москва Москва Воткинск Удмуртская"
"771";1256;"Москва Москва Сарапул Удмуртская"
"772";851;"Кириши Ленинградская Рязань Рязанская"
"773";1630;"Москва Москва Сочи Краснодарский"
"774";2529;"Санкт-Петербург Санкт-Петербург Воркута Коми"
"775";1303;"Санкт-Петербург Санкт-Петербург Рузаевка Мордовия"
"776";1802;"Щелково Московская Верхняя Пышма Свердловская"
"777";1583;"Москва Москва Минеральные Воды Ставропольский"
"778";156;"Пермь Пермский Лысьва Пермский"
"779";434;"Красноярск Красноярский Минусинск Красноярский"
"780";511;"Москва Москва Череповец Вологодская"
"781";604;"Сергиев Посад Московская Чудово Новгородская"
"782";1151;"Санкт-Петербург Санкт-Петербург Арзамас Нижегородская"
"783";1195;"Сокол Вологодская Набережные Татарстан"
"784";2051;"Санкт-Петербург Санкт-Петербург Новокубанск Краснодарский"
"785";206;"Екатеринбург Свердловская Челябинск Челябинская"
"786";4735;"Владивосток Приморский Магадан Магаданская"
"787";912;"Энгельс Саратовская Москва Москва"
"788";1876;"Октябрьский Башкортостан Санкт-Петербург Санкт-Петербург"
"789";8055;"Санкт-Петербург Санкт-Петербург Нерюнгри Саха /Якутия/"
"790";4059;"Санкт-Петербург Санкт-Петербург Новоалтайск Алтайский"
"791";186;"Владивосток Приморский Находка Приморский"
"792";2064;"Санкт-Петербург Санкт-Петербург Армавир Краснодарский"
"793";1404;"Тула Тульская Минеральные Воды Ставропольский"
"794";1109;"Сокол Вологодская Сердобск Пензенская"
"795";2186;"Пермь Пермский Томск Томская"
"796";1560;"Санкт-Петербург Санкт-Петербург Миллерово Ростовская"
"797";813;"Воскресенск Московская Санкт-Петербург Санкт-Петербург"
"798";1324;"Сергиев Посад Московская Гвардейск Калининградская"
"799";960;"Калининград Калининградская Санкт-Петербург Санкт-Петербург"
"800";2872;"Санкт-Петербург Санкт-Петербург Тобольск Тюменская"
"801";2671;"Санкт-Петербург Санкт-Петербург Дербент Дагестан"
"802";1458;"Новосибирск Новосибирская Челябинск Челябинская"
"803";391;"Абакан Хакасия Кызыл Тыва"
"804";3236;"Коломна Московская Новосибирск Новосибирская"
"805";1701;"Нижний Новгород Нижегородская Калининград Калининградская"
"806";807;"Серпухов Московская Санкт-Петербург Санкт-Петербург"
"807";766;"Москва Москва Йошкар-Ола Марий Эл"
"808";393;"Казань Татарстан Нижний Новгород Нижегородская"
"809";2281;"Санкт-Петербург Санкт-Петербург Минеральные Воды Ставропольский"
"810";2085;"Санкт-Петербург Санкт-Петербург Чернушка Пермский"
"811";2958;"Москва Москва Куйбышев Новосибирская"
"812";946;"Екатеринбург Свердловская Казань Татарстан"
"813";1557;"Новосибирск Новосибирская Екатеринбург Свердловская"
"814";1458;"Челябинск Челябинская Новосибирск Новосибирская"
"815";2386;"Санкт-Петербург Санкт-Петербург Краснотурьинск Свердловская"
"816";1037;"Ленинск Волгоградская Москва Москва"
"817";2034;"Щелково Московская Курган Курганская"
"818";25;"Москва Москва Химки Московская"
"819";871;"Самара Самарская Челябинск Челябинская"
"820";431;"Щелково Московская Брянск Брянская"
"821";156;"Щелково Московская Обнинск Калужская"
"822";1845;"Коломна Московская Екатеринбург Свердловская"
"823";403;"Фрязино Московская Орел Орловская"
"824";711;"Щелково Московская Санкт-Петербург Санкт-Петербург"
"825";1150;"Санкт-Петербург Санкт-Петербург Городец Нижегородская"
"826";494;"Фрязино Московская Тамбов Тамбовская"
"827";239;"Фрязино Московская Калуга Калужская"
"828";1774;"Санкт-Петербург Санкт-Петербург Аксай Ростовская"
"829";654;"Калининск Саратовская Новомосковск Тульская"
"830";789;"Волосово Ленинградская Видное Московская"
"831";3546;"Сергиев Посад Московская Томск Томская"
"832";1469;"Сергиев Посад Московская Астрахань Астраханская"
"833";716;"Сергиев Посад Московская Пенза Пензенская"
"834";1095;"Сергиев Посад Московская Набережные Татарстан"
"835";703;"Сергиев Посад Московская Кировск Ленинградская"
"836";514;"Сергиев Посад Московская Липецк Липецкая"
"837";1592;"Тула Тульская Владикавказ Северная Осетия-Алания"
"838";1843;"Сергиев Посад Московская Владикавказ Северная Осетия-Алания"
"839";2509;"Санкт-Петербург Санкт-Петербург Владикавказ Северная Осетия-Алания"
"840";3350;"Сургут Ханты-Мансийский Санкт-Петербург Санкт-Петербург"
"841";443;"Петрозаводск Карелия Санкт-Петербург Санкт-Петербург"
"842";720;"Москва Москва Спб. Колтушское шоссе Нижняя промзона Ленинградская"
"843";727;"Москва Москва Колтушское шоссе Нижняя промзона. Ленинградская"
"844";3348;"Санкт-Петербург Санкт-Петербург Сургут Ханты-Мансийский"
"845";2218;"Санкт-Петербург Санкт-Петербург Екб, Металлургов 87, ТРК Мега, Свердловская"
"846";1811;"Ростов-на-Дону Ростовская Санкт-Петербург Санкт-Петербург"
"847";10;"Санкт-Петербург Санкт-Петербург Пушкин Московская"
"848";2353;"Санкт-Петербург Санкт-Петербург Адлер, ул. Демократическая 42 Краснодарский"
"849";283;"Майкоп Адыгея Адлер, ул. Демократическая 42 Краснодарский"
"850";3563;"Санкт-Петербург Санкт-Петербург Нижневартовск Ханты-Мансийский"
"851";279;"Нефтеюганск Ханты-Мансийский Нижневартовск Ханты-Мансийский"
"852";764;"Санкт-Петербург Санкт-Петербург Старая Купавна Московская"
"853";1365;"Санкт-Петербург Санкт-Петербург Чебоксары Чувашская"
"854";3522;"Санкт-Петербург Санкт-Петербург Когалым Ханты-Мансийский"
"855";31;"Старая Купавна Московская Дома Московская"
"856";1630;"Сергиев Посад Московская Пахарь Ставропольский"
"857";221;"Сургут Ханты-Мансийский Нижневартовск Ханты-Мансийский"
"858";279;"Пыть-Ях Ханты-Мансийский Когалым Ханты-Мансийский"
"859";998;"Волгоград Волгоградская Московская обл, Орехово-Зуевский р-н, пос. Пригородный Малодубенское с/п, д. 43 Московская"
"860";34;"Мегион Ханты-Мансийский Нижневартовск Ханты-Мансийский"
"861";2395;"Нижний Новгород Нижегородская Нефтеюганск Ханты-Мансийский"
"862";1822;"Санкт-Петербург Санкт-Петербург пгт. Суходол Самарская обл Ул. Кооперативная, 49а Самарская"
"863";3053;"Санкт-Петербург Санкт-Петербург Ханты-Мансийск Ханты-Мансийский"
"864";141;"Владимир Владимирская Дома Московская"
"865";3245;"Санкт-Петербург Санкт-Петербург Пыть-Ях Ханты-Мансийский"
"866";1806;"Уфа Башкортостан Мегион Ханты-Мансийский"
"867";96;"Ногинск Московская Москва"",""PostalCode"":""142791"",""AdditionalData"":[{""value"":""Россия"",""key"":""CountryName""},{""value"":""Центральный федеральный округ"",""key"":""StateName""},{""value"":""Москва"",""key"":""CountyName""}]},""MapReference"":{""ReferenceId"":""1227219463"",""Spot"":0.47,""SideOfStreet"":""left"",""CountryId"":""20485579"",""StateId"":""20648986"",""CountyId"":""20648987"",""CityId"":""20654514""}}},{""Relevance"":1.0,""Distance"":236.0,""MatchLevel"":""street"",""MatchQuality"":{""Country"":1.0,""State"":1.0,""County"":1.0,""City"":1.0,""PostalCode"":1.0},""Location"":{""LocationId"":""NT LI39wprdsNQAJ3S97gS1kA l 925734101 L"",""LocationType"":""point"",""DisplayPosition"":{""Latitude"":55.5799454,""Longitude"":37.3862671},""MapView"":{""TopLeft"":{""Latitude"":55.58056,""Longitude"":37.38379},""BottomRight"":{""Latitude"":55.57906,""Longitude"":37.3886}},""Address"":{""Label"":""Москва, Россия, 142791"",""Country"":""RUS"",""State"":""Центральный федеральный округ"","" Москва"
"868";320;"Пыть-Ях Ханты-Мансийский Нижневартовск Ханты-Мансийский"
"869";696;"Москва Москва Пушкин Московская"
"870";3291;"Санкт-Петербург Санкт-Петербург Нефтеюганск Ханты-Мансийский"
"871";2951;"Санкт-Петербург Санкт-Петербург Нягань Ханты-Мансийский"
"872";631;"Санкт-Петербург Санкт-Петербург Тверская область, Конаковский район, точный у Вадима +7 911 039 39 29 Тверская"
"873";748;"Климовск Московская Санкт-Петербург Санкт-Петербург"
"874";2221;"Москва Москва Югорск Ханты-Мансийский"
"875";3061;"Рязань Рязанская Мегион Ханты-Мансийский"
"876";3014;"Кировск Ленинградская Ханты-Мансийск Ханты-Мансийский"
"877";822;"Санкт-Петербург Санкт-Петербург Новорязанское ш ,""по схеме"" Московская"
"878";577;"Никольское Ленинградская 1. Тверская обл., Конаковский р-н, точный даст Вадим +79110399329 Тверская"
"879";727;"Санкт-Петербург Санкт-Петербург 1. Москва на погрузке - ночная выгрузка
2. Москва на погрузке - ночная выгрузка
3. Щелково Московская"
"880";2095;"Санкт-Петербург Санкт-Петербург Коноково Краснодарский"
"881";1329;"Парфентьево Московская Адыгейск Адыгея"
"882";726;"Санкт-Петербург Санкт-Петербург Москва"",""PostalCode"":""142791"",""AdditionalData"":[{""value"":""Россия"",""key"":""CountryName""},{""value"":""Центральный федеральный округ"",""key"":""StateName""},{""value"":""Москва"",""key"":""CountyName""}]},""MapReference"":{""ReferenceId"":""1227219463"",""Spot"":0.47,""SideOfStreet"":""left"",""CountryId"":""20485579"",""StateId"":""20648986"",""CountyId"":""20648987"",""CityId"":""20654514""}}},{""Relevance"":1.0,""Distance"":236.0,""MatchLevel"":""street"",""MatchQuality"":{""Country"":1.0,""State"":1.0,""County"":1.0,""City"":1.0,""PostalCode"":1.0},""Location"":{""LocationId"":""NT LI39wprdsNQAJ3S97gS1kA l 925734101 L"",""LocationType"":""point"",""DisplayPosition"":{""Latitude"":55.5799454,""Longitude"":37.3862671},""MapView"":{""TopLeft"":{""Latitude"":55.58056,""Longitude"":37.38379},""BottomRight"":{""Latitude"":55.57906,""Longitude"":37.3886}},""Address"":{""Label"":""Москва, Россия, 142791"",""Country"":""RUS"",""State"":""Центральный федеральный округ"","" Москва"
"883";645;"Санкт-Петербург Санкт-Петербург Тверская область, Конаковский район, две точки разгрузки РЯДОМ  дер. Марьино, и дер. Малые Ручьи. Тверская"
"884";41;"Подольск Московская Москва"",""PostalCode"":""142791"",""AdditionalData"":[{""value"":""Россия"",""key"":""CountryName""},{""value"":""Центральный федеральный округ"",""key"":""StateName""},{""value"":""Москва"",""key"":""CountyName""}]},""MapReference"":{""ReferenceId"":""1227219463"",""Spot"":0.47,""SideOfStreet"":""left"",""CountryId"":""20485579"",""StateId"":""20648986"",""CountyId"":""20648987"",""CityId"":""20654514""}}},{""Relevance"":1.0,""Distance"":236.0,""MatchLevel"":""street"",""MatchQuality"":{""Country"":1.0,""State"":1.0,""County"":1.0,""City"":1.0,""PostalCode"":1.0},""Location"":{""LocationId"":""NT LI39wprdsNQAJ3S97gS1kA l 925734101 L"",""LocationType"":""point"",""DisplayPosition"":{""Latitude"":55.5799454,""Longitude"":37.3862671},""MapView"":{""TopLeft"":{""Latitude"":55.58056,""Longitude"":37.38379},""BottomRight"":{""Latitude"":55.57906,""Longitude"":37.3886}},""Address"":{""Label"":""Москва, Россия, 142791"",""Country"":""RUS"",""State"":""Центральный федеральный округ"","" Москва"
"885";7386;"Владивосток Приморский Урай Ханты-Мансийский"
"886";756;"Люберцы Московская Санкт-Петербург Санкт-Петербург"
"887";801;"Павловский Посад Московская Санкт-Петербург Санкт-Петербург"
"888";15;"Санкт-Петербург Санкт-Петербург Новосаратовка Ленинградская"
"889";433;"Дзержинск Нижегородская Москва"",""PostalCode"":""142791"",""AdditionalData"":[{""value"":""Россия"",""key"":""CountryName""},{""value"":""Центральный федеральный округ"",""key"":""StateName""},{""value"":""Москва"",""key"":""CountyName""}]},""MapReference"":{""ReferenceId"":""1227219463"",""Spot"":0.47,""SideOfStreet"":""left"",""CountryId"":""20485579"",""StateId"":""20648986"",""CountyId"":""20648987"",""CityId"":""20654514""}}},{""Relevance"":1.0,""Distance"":236.0,""MatchLevel"":""street"",""MatchQuality"":{""Country"":1.0,""State"":1.0,""County"":1.0,""City"":1.0,""PostalCode"":1.0},""Location"":{""LocationId"":""NT LI39wprdsNQAJ3S97gS1kA l 925734101 L"",""LocationType"":""point"",""DisplayPosition"":{""Latitude"":55.5799454,""Longitude"":37.3862671},""MapView"":{""TopLeft"":{""Latitude"":55.58056,""Longitude"":37.38379},""BottomRight"":{""Latitude"":55.57906,""Longitude"":37.3886}},""Address"":{""Label"":""Москва, Россия, 142791"",""Country"":""RUS"",""State"":""Центральный федеральный округ"","" Москва"
"890";1295;"Санкт-Петербург Санкт-Петербург Ядрин Чувашская"
"891";351;"Дзержинск Нижегородская Дома Московская"
"892";734;"Санкт-Петербург Санкт-Петербург Беседы  Москва Московская"
"893";734;"Санкт-Петербург Санкт-Петербург п. Беседы   Москва Московская"
"894";734;"Санкт-Петербург Санкт-Петербург Москва Беседы Московская"
"895";735;"Санкт-Петербург Санкт-Петербург Москва 44 км. АЗС 58 Газпромнефть Московская"
"896";1236;"Санкт-Петербург Санкт-Петербург 347923,  г. Таганрог, пл. Авиаторов, дом 1
Москва Курская"
"897";1424;"Санкт-Петербург Санкт-Петербург 847-й км автодороги М-7 «Волга» Москва-Уфа  АЗС Ирбис Чувашская"
"898";724;"Старая Купавна Московская Пушкин Московская"
"899";17;"Новосаратовка Ленинградская Санкт-Петербург Санкт-Петербург"
"900";2259;"Екатеринбург Свердловская Санкт-Петербург Санкт-Петербург"
"901";62;"Гатчина Ленинградская Санкт-Петербург Санкт-Петербург"
"902";79;"Старая Купавна Московская Москва"",""PostalCode"":""142791"",""AdditionalData"":[{""value"":""Россия"",""key"":""CountryName""},{""value"":""Центральный федеральный округ"",""key"":""StateName""},{""value"":""Москва"",""key"":""CountyName""}]},""MapReference"":{""ReferenceId"":""1227219463"",""Spot"":0.47,""SideOfStreet"":""left"",""CountryId"":""20485579"",""StateId"":""20648986"",""CountyId"":""20648987"",""CityId"":""20654514""}}},{""Relevance"":1.0,""Distance"":236.0,""MatchLevel"":""street"",""MatchQuality"":{""Country"":1.0,""State"":1.0,""County"":1.0,""City"":1.0,""PostalCode"":1.0},""Location"":{""LocationId"":""NT LI39wprdsNQAJ3S97gS1kA l 925734101 L"",""LocationType"":""point"",""DisplayPosition"":{""Latitude"":55.5799454,""Longitude"":37.3862671},""MapView"":{""TopLeft"":{""Latitude"":55.58056,""Longitude"":37.38379},""BottomRight"":{""Latitude"":55.57906,""Longitude"":37.3886}},""Address"":{""Label"":""Москва, Россия, 142791"",""Country"":""RUS"",""State"":""Центральный федеральный округ"","" Москва"
